﻿<?xml version="1.0"?>
<doc>
<assembly>
<name>
AplicAvocacy
</name>
</assembly>
<members>
<member name="T:AplicAvocacy.My.Resources.Resources">
<summary>
  Uma classe de recurso de tipo de alta segurança, para pesquisar cadeias de caracteres localizadas etc.
</summary>
</member>
<member name="P:AplicAvocacy.My.Resources.Resources.ResourceManager">
<summary>
  Retorna a instância de ResourceManager armazenada em cache usada por essa classe.
</summary>
</member>
<member name="P:AplicAvocacy.My.Resources.Resources.Culture">
<summary>
  Substitui a propriedade CurrentUICulture do thread atual para todas as
  pesquisas de recursos que usam essa classe de recurso de tipo de alta segurança.
</summary>
</member>
<member name="P:AplicAvocacy.My.Resources.Resources.logo">
<summary>
  Consulta um recurso localizado do tipo System.Drawing.Bitmap.
</summary>
</member>
<member name="T:AplicAvocacy.AdvocacyDataSet">
<summary>
Represents a strongly typed in-memory cache of data.
</summary>
</member>
<member name="T:AplicAvocacy.AdvocacyDataSet.Adv_ContatosDataTable">
<summary>
Represents the strongly named DataTable class.
</summary>
</member>
<member name="T:AplicAvocacy.AdvocacyDataSet.Adv_HistoricoDataTable">
<summary>
Represents the strongly named DataTable class.
</summary>
</member>
<member name="T:AplicAvocacy.AdvocacyDataSet.Adv_InstituicoesDataTable">
<summary>
Represents the strongly named DataTable class.
</summary>
</member>
<member name="T:AplicAvocacy.AdvocacyDataSet.Adv_MunicipioDataTable">
<summary>
Represents the strongly named DataTable class.
</summary>
</member>
<member name="T:AplicAvocacy.AdvocacyDataSet.Adv_ParamDataTable">
<summary>
Represents the strongly named DataTable class.
</summary>
</member>
<member name="T:AplicAvocacy.AdvocacyDataSet.Adv_UsuariosDataTable">
<summary>
Represents the strongly named DataTable class.
</summary>
</member>
<member name="T:AplicAvocacy.AdvocacyDataSet.Adv_ContatosRow">
<summary>
Represents strongly named DataRow class.
</summary>
</member>
<member name="T:AplicAvocacy.AdvocacyDataSet.Adv_HistoricoRow">
<summary>
Represents strongly named DataRow class.
</summary>
</member>
<member name="T:AplicAvocacy.AdvocacyDataSet.Adv_InstituicoesRow">
<summary>
Represents strongly named DataRow class.
</summary>
</member>
<member name="T:AplicAvocacy.AdvocacyDataSet.Adv_MunicipioRow">
<summary>
Represents strongly named DataRow class.
</summary>
</member>
<member name="T:AplicAvocacy.AdvocacyDataSet.Adv_ParamRow">
<summary>
Represents strongly named DataRow class.
</summary>
</member>
<member name="T:AplicAvocacy.AdvocacyDataSet.Adv_UsuariosRow">
<summary>
Represents strongly named DataRow class.
</summary>
</member>
<member name="T:AplicAvocacy.AdvocacyDataSet.Adv_ContatosRowChangeEvent">
<summary>
Row event argument class
</summary>
</member>
<member name="T:AplicAvocacy.AdvocacyDataSet.Adv_HistoricoRowChangeEvent">
<summary>
Row event argument class
</summary>
</member>
<member name="T:AplicAvocacy.AdvocacyDataSet.Adv_InstituicoesRowChangeEvent">
<summary>
Row event argument class
</summary>
</member>
<member name="T:AplicAvocacy.AdvocacyDataSet.Adv_MunicipioRowChangeEvent">
<summary>
Row event argument class
</summary>
</member>
<member name="T:AplicAvocacy.AdvocacyDataSet.Adv_ParamRowChangeEvent">
<summary>
Row event argument class
</summary>
</member>
<member name="T:AplicAvocacy.AdvocacyDataSet.Adv_UsuariosRowChangeEvent">
<summary>
Row event argument class
</summary>
</member>
<member name="T:AplicAvocacy.AdvocacyDataSetTableAdapters.Adv_ContatosTableAdapter">
<summary>
Represents the connection and commands used to retrieve and save data.
</summary>
</member>
<member name="T:AplicAvocacy.AdvocacyDataSetTableAdapters.Adv_HistoricoTableAdapter">
<summary>
Represents the connection and commands used to retrieve and save data.
</summary>
</member>
<member name="T:AplicAvocacy.AdvocacyDataSetTableAdapters.Adv_InstituicoesTableAdapter">
<summary>
Represents the connection and commands used to retrieve and save data.
</summary>
</member>
<member name="T:AplicAvocacy.AdvocacyDataSetTableAdapters.Adv_MunicipioTableAdapter">
<summary>
Represents the connection and commands used to retrieve and save data.
</summary>
</member>
<member name="T:AplicAvocacy.AdvocacyDataSetTableAdapters.Adv_ParamTableAdapter">
<summary>
Represents the connection and commands used to retrieve and save data.
</summary>
</member>
<member name="T:AplicAvocacy.AdvocacyDataSetTableAdapters.Adv_UsuariosTableAdapter">
<summary>
Represents the connection and commands used to retrieve and save data.
</summary>
</member>
<member name="T:AplicAvocacy.AdvocacyDataSetTableAdapters.TableAdapterManager">
<summary>
TableAdapterManager is used to coordinate TableAdapters in the dataset to enable Hierarchical Update scenarios
</summary>
</member>
<member name="M:AplicAvocacy.AdvocacyDataSetTableAdapters.TableAdapterManager.UpdateUpdatedRows(AplicAvocacy.AdvocacyDataSet,System.Collections.Generic.List{System.Data.DataRow},System.Collections.Generic.List{System.Data.DataRow})">
<summary>
Update rows in top-down order.
</summary>
</member>
<member name="M:AplicAvocacy.AdvocacyDataSetTableAdapters.TableAdapterManager.UpdateInsertedRows(AplicAvocacy.AdvocacyDataSet,System.Collections.Generic.List{System.Data.DataRow})">
<summary>
Insert rows in top-down order.
</summary>
</member>
<member name="M:AplicAvocacy.AdvocacyDataSetTableAdapters.TableAdapterManager.UpdateDeletedRows(AplicAvocacy.AdvocacyDataSet,System.Collections.Generic.List{System.Data.DataRow})">
<summary>
Delete rows in bottom-up order.
</summary>
</member>
<member name="M:AplicAvocacy.AdvocacyDataSetTableAdapters.TableAdapterManager.GetRealUpdatedRows(System.Data.DataRow[],System.Collections.Generic.List{System.Data.DataRow})">
<summary>
Remove inserted rows that become updated rows after calling TableAdapter.Update(inserted rows) first
</summary>
</member>
<member name="M:AplicAvocacy.AdvocacyDataSetTableAdapters.TableAdapterManager.UpdateAll(AplicAvocacy.AdvocacyDataSet)">
<summary>
Update all changes to the dataset.
</summary>
</member>
<member name="T:AplicAvocacy.AdvocacyDataSetTableAdapters.TableAdapterManager.UpdateOrderOption">
<summary>
Update Order Option
</summary>
</member>
<member name="T:AplicAvocacy.AdvocacyDataSetTableAdapters.TableAdapterManager.SelfReferenceComparer">
<summary>
Used to sort self-referenced table's rows
</summary>
</member>
</members>
</doc>
